{"MAX": 60, "PRICE": 45, "Loss": 1.0, "Gains": 103.782680152, "POWER": 44.00463117002737}
