{"MAX": 55, "PRICE": 35, "Loss": 0.9473684210526315, "Gains": 211.164352923, "POWER": 25.017456375231085}
